id,department,sponsor,title,themes,skills,output,value,mentor_time,confidentiality
need-001,Business Transformation & Enquiry,Business Transformation Team,Enquiry Channel Volume Analysis,"{""Customer Experience"",""Data & Analytics""}","{""Data analysis"",""Excel / Power BI"",""Customer mindset""}","Enquiry dashboard + channel insights","Helps route customer enquiries to the right channel faster.","30 minutes per week",Medium
need-002,Business Transformation & Enquiry,Business Transformation Team,Workflow Automation Opportunity Scan,"{""Digital & AI"",""Finance & Efficiency""}","{""AI tools"",""Process improvement"",""Presentation skills""}","Automation opportunity shortlist + pilot proposal","Identifies repetitive work that can be automated for productivity gains.","30 minutes per week",Low
need-003,Commercial & Industrial Marketing & Sales,C&I Marketing & Sales Team,C&I Customer Segment Benchmarking,"{""Business Research"",""Customer Experience""}","{""Research"",""Marketing"",""Presentation skills""}","Segment benchmarking report","Sharpens targeting for commercial and industrial customers.","30 minutes per week",Low
need-004,Commercial & Industrial Marketing & Sales,C&I Marketing & Sales Team,Industrial Energy Solution Case Pack,"{""Customer Experience""}","{""Writing / storytelling"",""Marketing"",""Design""}","Case study pack + one-pagers","Helps the sales team present energy solutions with real examples.","30 minutes per week",Low
need-005,Commercial & Industrial Services & Business Development,C&I Services & BD Team,New Business Opportunity Mapping,"{""Business Research"",""Open Innovation""}","{""Research"",""Project coordination"",""Presentation skills""}","Opportunity map + priority list","Supports the business development pipeline with structured scanning.","30 minutes per week",Low
need-006,Commercial & Industrial Services & Business Development,C&I Services & BD Team,C&I Service Portfolio Review,"{""Customer Experience"",""Finance & Efficiency""}","{""Customer mindset"",""Data analysis"",""Excel / Power BI""}","Portfolio review deck + recommendations","Identifies which services create most value for industrial clients.","30 minutes per week",Medium
need-007,Company Secretarial,Company Secretarial Team,Board Paper Template Modernization,"{""Finance & Efficiency"",""Digital & AI""}","{""Writing / storytelling"",""English writing"",""Process improvement""}","Redesigned templates + style guide","Improves clarity and consistency of board and committee papers.","15 minutes per week",Low
need-008,Company Secretarial,Company Secretarial Team,Corporate Governance Research Digest,"{""Business Research""}","{""Research"",""English writing"",""Chinese writing""}","Monthly governance digest template","Keeps the team updated on listing rules and governance trends.","15 minutes per week",Medium
need-009,Corporate Affairs,Corporate Affairs Team,Stakeholder Event Feedback Analysis,"{""Business Research"",""Customer Experience""}","{""Research"",""Data analysis"",""Writing / storytelling""}","Event feedback report + recommendations","Improves government and community engagement events.","15 minutes per week",Low
need-010,Corporate Affairs,Corporate Affairs Team,Community Partnership Mapping,"{""Business Research"",""ESG & Sustainability""}","{""Research"",""Presentation skills"",""Project coordination""}","Partnership opportunity map","Identifies new community collaboration opportunities.","30 minutes per week",Low
need-011,Group Audit & Risk Management,Audit & Risk Team,Audit Finding Trend Dashboard,"{""Data & Analytics"",""Finance & Efficiency""}","{""Data analysis"",""Excel / Power BI"",""Process improvement""}","Trend dashboard + summary report","Highlights recurring audit findings so teams can act earlier.","30 minutes per week",Medium
need-012,Group Audit & Risk Management,Audit & Risk Team,Risk Awareness Micro-Content Sprint,"{""Corporate Communications"",""Safety & Operations""}","{""Writing / storytelling"",""Design"",""Presentation skills""}","Storyboard + sample micro-content","Makes risk management concepts easier for staff to absorb.","15 minutes per week",Low
need-013,Group ESG,ESG Team,ESG Data Collection Streamlining,"{""ESG & Sustainability"",""Data & Analytics""}","{""ESG knowledge"",""Data analysis"",""Excel / Power BI""}","ESG data tracker prototype","Reduces manual workload for ESG disclosure and reporting.","30 minutes per week",Medium
need-014,Group ESG,ESG Team,Carbon Emission Calculation Helper,"{""ESG & Sustainability"",""Digital & AI""}","{""ESG knowledge"",""Excel / Power BI"",""Coding / automation""}","Emission calculator prototype","Helps departments estimate and track their carbon footprint.","30 minutes per week",Medium
need-015,Group Human Resources,HR Team,Onboarding Experience Redesign,"{""HR & Employee Experience"",""Customer Experience""}","{""Project coordination"",""Design"",""Writing / storytelling""}","Onboarding journey map + welcome kit draft","Improves new hire experience and early retention.","30 minutes per week",Low
need-016,Group Human Resources,HR Team,Employee Survey Insight Dashboard,"{""HR & Employee Experience"",""Data & Analytics""}","{""Data analysis"",""Excel / Power BI"",""Presentation skills""}","Survey dashboard + key insight summary","Turns engagement survey results into clear actions.","30 minutes per week",Medium
need-017,Corporate Information Technology,IT Team,AI Tool Testing for Internal Workflow,"{""Digital & AI"",""Finance & Efficiency""}","{""AI tools"",""Process improvement"",""Presentation skills""}","Testing report + practical use cases","Identifies small automation opportunities and improves staff productivity.","30 minutes per week",Medium
need-018,Corporate Information Technology,IT Team,IT Self-Service Knowledge Base Refresh,"{""Digital & AI"",""HR & Employee Experience""}","{""Writing / storytelling"",""UX review"",""Design""}","Restructured knowledge base prototype","Reduces IT helpdesk tickets with clearer self-help content.","30 minutes per week",Low
need-019,Group Innovation and Development,Innovation Team,Innovation Idea Hub Pilot,"{""Open Innovation"",""Digital & AI""}","{""AI tools"",""Project coordination"",""Presentation skills""}","Idea collection platform prototype","Captures employee innovation ideas in a systematic way.","30 minutes per week",Low
need-020,Group Innovation and Development,Innovation Team,Energy Tech Scouting Digest,"{""Open Innovation"",""Business Research""}","{""Research"",""Presentation skills"",""English writing""}","Monthly tech scouting digest","Keeps the business aware of emerging energy technologies.","30 minutes per week",Low
need-021,Corporate Supplies & Administration,Supplies & Administration Team,Supplier Performance Scorecard,"{""Finance & Efficiency"",""Data & Analytics""}","{""Data analysis"",""Excel / Power BI"",""Process improvement""}","Supplier scorecard template + dashboard","Strengthens supplier management and negotiation preparation.","30 minutes per week",Medium
need-022,Corporate Supplies & Administration,Supplies & Administration Team,Office Supplies Demand Forecasting,"{""Finance & Efficiency"",""Data & Analytics""}","{""Data analysis"",""Excel / Power BI"",""Process improvement""}","Forecasting spreadsheet prototype","Reduces over-ordering and stockouts of office supplies.","15 minutes per week",Low
need-023,Group Safety & Environmental Management,Safety & Environmental Team,Incident Data Trend Analysis,"{""Safety & Operations"",""Data & Analytics""}","{""Data analysis"",""Excel / Power BI"",""Engineering knowledge""}","Incident trend dashboard + prevention suggestions","Focuses safety efforts on the highest-risk areas.","30 minutes per week",Medium
need-024,Group Safety & Environmental Management,Safety & Environmental Team,Safety Micro-Learning Content Sprint,"{""Safety & Operations"",""Corporate Communications""}","{""Design"",""Writing / storytelling"",""Video / media production""}","Storyboard + sample micro-learning content","Makes safety training more engaging for frontline staff.","30 minutes per week",Low
need-025,Group Training & Development,Training & Development Team,Course Feedback Analytics,"{""HR & Employee Experience"",""Data & Analytics""}","{""Data analysis"",""Excel / Power BI"",""Presentation skills""}","Feedback dashboard + course improvement list","Aligns training offerings with employee learning needs.","30 minutes per week",Low
need-026,Group Training & Development,Training & Development Team,Micro-Learning Video Pilot,"{""HR & Employee Experience"",""Corporate Communications""}","{""Video / media production"",""Design"",""Writing / storytelling""}","Sample micro-learning video + production plan","Makes internal training more flexible and engaging.","30 minutes per week",Low
need-027,Customer Services Stream,Customer Services Team,Customer App Journey Review,"{""Customer Experience"",""Digital & AI""}","{""Customer mindset"",""UX review"",""Presentation skills""}","Customer journey map + improvement suggestions","Supports better digital adoption and service experience.","30 minutes per week",Low
need-028,Customer Services Stream,Customer Services Team,Hotline Call Driver Analysis,"{""Customer Experience"",""Data & Analytics""}","{""Data analysis"",""Customer mindset"",""Excel / Power BI""}","Call driver report + reduction actions","Reduces repeat calls by addressing root causes.","30 minutes per week",Medium
need-029,Finance Division,Finance Team,Department Expense Dashboard,"{""Finance & Efficiency"",""Data & Analytics""}","{""Finance analysis"",""Excel / Power BI"",""Data analysis""}","Interactive expense dashboard","Gives managers real-time visibility of departmental spending.","30 minutes per week",Medium
need-030,Finance Division,Finance Team,Invoice Processing Automation Pilot,"{""Digital & AI"",""Finance & Efficiency""}","{""AI tools"",""Coding / automation"",""Process improvement""}","Automation proof-of-concept + time-saving estimate","Reduces manual invoice handling and processing errors.","30 minutes per week",Medium
need-031,Group Legal,Legal Team,Contract Clause Library Prototype,"{""Digital & AI"",""Finance & Efficiency""}","{""Research"",""Writing / storytelling"",""AI tools""}","Searchable clause library prototype","Speeds up contract drafting and review work.","30 minutes per week",Medium
need-032,Group Legal,Legal Team,Regulatory Update Digest,"{""Business Research"",""Corporate Communications""}","{""Research"",""English writing"",""Chinese writing""}","Monthly regulatory digest template","Keeps departments aware of relevant legal and regulatory changes.","15 minutes per week",Low
need-033,Gas Production Stream,Gas Production Team,Production Plant Data Visualization,"{""Engineering Innovation"",""Data & Analytics""}","{""Engineering knowledge"",""Data analysis"",""Excel / Power BI""}","Plant performance dashboard prototype","Improves visibility of production KPIs for plant engineers.","30 minutes per week",Medium
need-034,Gas Production Stream,Gas Production Team,Plant Energy Efficiency Study,"{""Engineering Innovation"",""ESG & Sustainability""}","{""Engineering knowledge"",""Research"",""Data analysis""}","Efficiency opportunity report","Identifies energy saving opportunities in gas production.","30 minutes per week",Medium
need-035,Manufacturing Business,Manufacturing Team,Production Line Downtime Analysis,"{""Engineering Innovation"",""Finance & Efficiency""}","{""Data analysis"",""Engineering knowledge"",""Excel / Power BI""}","Downtime pareto analysis + action list","Reduces production losses from unplanned downtime.","30 minutes per week",Medium
need-036,Manufacturing Business,Manufacturing Team,Quality Inspection Record Digitization,"{""Digital & AI"",""Safety & Operations""}","{""Coding / automation"",""Process improvement"",""Excel / Power BI""}","Digital inspection record prototype","Speeds up quality traceability and reporting.","30 minutes per week",Low
need-037,Marketing & Sales Stream,Marketing & Sales Team,Social Media Content Performance Review,"{""Customer Experience"",""Digital & AI""}","{""Marketing"",""Data analysis"",""Design""}","Content performance report + content calendar","Improves digital engagement with younger customer segments.","30 minutes per week",Low
need-038,Marketing & Sales Stream,Marketing & Sales Team,Customer Persona Research Sprint,"{""Customer Experience"",""Business Research""}","{""Research"",""Marketing"",""Presentation skills""}","2-3 customer persona profiles","Sharpens targeting and messaging for future campaigns.","30 minutes per week",Low
need-039,Gas Network,Network Operations Team,Network Inspection Route Optimization,"{""Safety & Operations"",""Data & Analytics""}","{""Data analysis"",""Excel / Power BI"",""Process improvement""}","Optimized route map + analysis report","Cuts inspection travel time and improves network coverage.","30 minutes per week",Medium
need-040,Gas Network,Network Operations Team,Valve Maintenance Record Digitalization,"{""Digital & AI"",""Safety & Operations""}","{""Coding / automation"",""Excel / Power BI"",""Process improvement""}","Searchable digital record prototype","Speeds up maintenance history lookup for field engineers.","30 minutes per week",Medium
need-041,Project Marketing & Sales,Project Marketing & Sales Team,Project Sales Pipeline Tracker,"{""Finance & Efficiency"",""Data & Analytics""}","{""Data analysis"",""Excel / Power BI"",""Project coordination""}","Pipeline dashboard prototype","Gives sales managers clear visibility of project stages.","30 minutes per week",Medium
need-042,Project Marketing & Sales,Project Marketing & Sales Team,New Estate Partnership Proposal Pack,"{""Customer Experience"",""Business Research""}","{""Writing / storytelling"",""Design"",""Presentation skills""}","Proposal template + sample pitch deck","Helps win gas supply contracts for new property developments.","30 minutes per week",Low
need-043,Property Management,Property Management Team,Tenant Satisfaction Survey Analysis,"{""Customer Experience"",""Data & Analytics""}","{""Data analysis"",""Customer mindset"",""Excel / Power BI""}","Survey dashboard + improvement actions","Improves tenant retention through better service.","30 minutes per week",Low
need-044,Property Management,Property Management Team,Building Energy Consumption Dashboard,"{""ESG & Sustainability"",""Data & Analytics""}","{""Data analysis"",""Excel / Power BI"",""Engineering knowledge""}","Energy dashboard prototype","Identifies energy saving opportunities across managed properties.","30 minutes per week",Medium
need-045,Product Development,Product Development Team,Smart Appliance Feature Benchmarking,"{""Open Innovation"",""Customer Experience""}","{""Research"",""UX review"",""Presentation skills""}","Feature benchmarking report","Guides roadmap priorities for smart appliance products.","30 minutes per week",Low
need-046,Product Development,Product Development Team,Product Feedback Tagging with AI,"{""Digital & AI"",""Customer Experience""}","{""AI tools"",""Data analysis"",""Customer mindset""}","Tagged feedback dataset + insight summary","Speeds up analysis of customer product feedback.","30 minutes per week",Low
need-047,Retail Marketing & Sales,Retail Marketing & Sales Team,Retail Campaign Concept Board,"{""Customer Experience""}","{""Marketing"",""Design"",""Writing / storytelling""}","Campaign concept board + sample posts","Supports seasonal appliance and gas retail promotions.","30 minutes per week",Low
need-048,Retail Marketing & Sales,Retail Marketing & Sales Team,Retail Customer Feedback Analysis,"{""Customer Experience"",""Data & Analytics""}","{""Data analysis"",""Customer mindset"",""Excel / Power BI""}","Feedback report + service improvement actions","Turns retail feedback into better customer experience.","30 minutes per week",Low
need-049,Towngas Training Institute,Training Institute Team,Training Course Catalogue Redesign,"{""HR & Employee Experience"",""Customer Experience""}","{""Design"",""Writing / storytelling"",""Project coordination""}","Redesigned catalogue mockup","Makes course offerings easier to browse and enrol in.","15 minutes per week",Low
need-050,Towngas Training Institute,Training Institute Team,Apprentice Learning Progress Tracker,"{""HR & Employee Experience"",""Data & Analytics""}","{""Data analysis"",""Excel / Power BI"",""Project coordination""}","Progress tracking dashboard prototype","Helps instructors monitor apprentice development systematically.","30 minutes per week",Low
